样本数量,k值,claude-3-7-sonnet-20250219,deepseek-v3,gemini-2.0-flash,gpt-4o,qwen-plus-latest
100,3,0.5066666666666666,0.5099999999999999,0.41333333333333333,0.45000000000000007,0.44333333333333336
100,4,0.465,0.4475,0.3625,0.39,0.4075
100,5,0.42599999999999993,0.406,0.318,0.3600000000000001,0.382
1000,3,0.513,0.5186666666666666,0.409,0.4486666666666666,0.48
1000,4,0.46175,0.4605833333333333,0.3625,0.39425,0.43325
1000,5,0.42425000000000007,0.4171333333333333,0.32675,0.35420000000000007,0.392
3000,3,0.507,0.507888888888889,0.3947777777777777,0.4427777777777778,0.46922222222222215
3000,4,0.45275,0.45186111111111116,0.3545,0.39158333333333334,0.4205
3000,5,0.41341666666666665,0.4093277777777778,0.3217166666666667,0.3509666666666667,0.3798666666666667
